symbol,period,strategy,kill_switch_activations,n,total_return,annualized_return,sharpe,sortino,max_drawdown,calmar,mean_period_return,period_volatility,win_rate_periods,profit_factor_periods,expectancy_period,var_95_loss,cvar_95_loss,gross_positive_returns,gross_negative_returns,turnover_sum,trade_events,avg_abs_position,exposure_fraction,fee_bps,slippage_bps,total_explicit_cost,total_funding_drag,funding_available,gross_strategy_return_sum,net_strategy_return_sum
BTC/USDT,development,S6,0,8765,0.3636490633750926,0.08057880377852777,1.632364951989628,1.3730397708668567,-0.047481250707497424,1.6970657381146903,3.59168849419437e-05,0.0010296828023258551,0.16451796919566458,1.209216658633575,3.59168849419437e-05,0.0011914266886007812,0.002350337056272841,1.819526745159419,1.5047152486432824,37.06891356713946,2828,0.048908779134987625,0.31648602395892755,10.0,2.0,0.04448269628056735,0.0,False,0.3592941927967039,0.3148114965161365
BTC/USDT,development,IRCP,0,8765,0.23379360780190273,0.05389566136125579,1.1682271627256713,0.9782888595339847,-0.044897399174514185,1.200418339417964,2.444893567701194e-05,0.0009793878578534176,0.13998859098687963,1.1540992784849406,2.444893567701194e-05,0.0010440058003500833,0.0022442382432321167,1.6049238931022902,1.390628971893281,79.5212787990435,2593,0.04391415785014455,0.27815173987450087,10.0,2.0,0.09542553455885222,0.0,False,0.3097204557678619,0.21429492120900964
BTC/USDT,development,S5,1,8765,0.20506165038369462,0.04770921448209853,1.1298669434750919,0.8292746078210022,-0.0507422703047693,0.940226249151771,2.1684531010852742e-05,0.0008981415504572389,0.12721049629207073,1.1569642098110209,2.1684531010852742e-05,0.0009805731355971839,0.002134649058805506,1.4009455000115127,1.2108805857013882,23.7660165530118,2195,0.032447390039711387,0.2441528807758129,10.0,2.0,0.02851921986361416,0.0,False,0.21858413417373845,0.1900649143101243
BTC/USDT,development,S3,1,8765,0.16117751014340675,0.03804313010147142,1.1207181910995727,0.7185382884521423,-0.051201355971529305,0.7430102070465758,1.731006450019085e-05,0.000722810282768253,0.08123217341699943,1.194022307204154,1.731006450019085e-05,0.0004985089866039016,0.001602979664761803,0.9337086505208296,0.7819859351766567,36.74804562530516,1496,0.0215988103464754,0.15778665145464918,10.0,2.0,0.04409765475036619,0.0,False,0.19582037009453898,0.15172271534417278
BTC/USDT,development,S4,0,8765,0.21004204167352225,0.04878944151901621,1.0585073121326423,0.8935618287136533,-0.04552350647593406,1.071741728524552,2.2234698532155927e-05,0.000983013405546604,0.1414717626925271,1.137426427309301,2.2234698532155927e-05,0.001060665849972222,0.002265968915351308,1.6130068964241784,1.4181197637898317,85.10572131089029,2639,0.04456859702994147,0.2819167142042213,10.0,2.0,0.10212686557306833,0.0,False,0.29701399820741503,0.1948871326343467
BTC/USDT,development,B0,0,8765,4.851847269246572,0.554940659799726,0.9993250034500188,1.2433593671543408,-0.7704553949481678,0.7202761684043493,0.0003025475317855235,0.014168012062670267,0.5154592127780947,1.0708845900101929,0.0003025475317855235,0.02041331348258359,0.03422967905904997,40.06234550222577,37.41051638612565,1.0,1,1.0,1.0,10.0,2.0,0.0012,0.0,False,2.6530291161001136,2.6518291161001137
BTC/USDT,development,S1,1,8765,0.18604525548076123,0.04355356813033895,0.9947401624154615,0.7490687037923308,-0.0534074699908631,0.8154958124357895,1.9904927062034156e-05,0.0009364249901889451,0.14272675413576727,1.1287194270563516,1.9904927062034156e-05,0.0010598129582077734,0.0022798884526331067,1.5298695933138349,1.3554029076151055,33.32452785925292,2474,0.03690460441427351,0.2740444951511694,10.0,2.0,0.039989433431103505,0.0,False,0.21445611912983284,0.17446668569872936
BTC/USDT,development,C2,1,8765,0.08894696347087372,0.021518895591812193,0.7430757208067542,0.36279726668796575,-0.05548309204529167,0.38784600494590316,9.916694302325235e-06,0.0006245337483602401,0.05727324586423274,1.1540493753434107,9.916694302325235e-06,0.00016383191122792734,0.0012708485217227004,0.6511533731878199,0.5642335476279392,17.092257579008507,1004,0.016440376102179462,0.110781517398745,10.0,2.0,0.020510709094810207,0.0,False,0.1074305346546909,0.08691982555988069
BTC/USDT,development,S2,1,8765,-0.020168332588624716,-0.005077781105467416,-0.263952002459927,-0.07012014806187038,-0.05037080505112812,-0.10080801965172666,-2.2452594702645187e-06,0.00039807383537863956,0.024871648602395893,0.921370431504036,-2.2452594702645187e-06,0.0,2.9283222070574112e-05,0.23060399978032842,0.25028369903719694,8.9090518705564,444,0.006425830407708566,0.04757558471192242,10.0,2.0,0.010690862244667683,0.0,False,-0.008988837012200827,-0.019679699256868508
BTC/USDT,development,C1,1,8765,-0.033385119786068285,-0.008448051844896498,-0.3888114920947998,-0.1328920046318181,-0.0511776103400613,-0.16507319878285626,-3.7708050888041585e-06,0.00045385492133841074,0.037079292641186534,0.912470614361729,-3.7708050888041585e-06,0.0,4.473935082302407e-05,0.3445490143429547,0.37760012094632317,49.92264574676832,760,0.00968463921552326,0.06776953793496862,10.0,2.0,0.05990717489612199,0.0,False,0.026856068292753534,-0.03305110660336845
BTC/USDT,validation,S1,0,2196,0.14291832966096063,0.1425012564215804,2.1999530922222887,2.568547497107437,-0.0302911669949798,4.704383176957076,6.169304908651626e-05,0.0013123354837959573,0.30828779599271405,1.1934915136079445,6.169304908651626e-05,0.0018716185253884424,0.0030997394938985573,0.8356530146271477,0.7001750788331581,23.155351532900916,1341,0.10260859830961648,0.5892531876138434,10.0,2.0,0.027786421839481094,0.0,False,0.16326435763347075,0.1354779357939897
BTC/USDT,validation,IRCP,0,2196,0.10490211727091547,0.10460100682274054,2.134654002354583,1.9203721586492806,-0.031589294072035035,3.311280289588376,4.593407422599158e-05,0.0010070001454573784,0.18032786885245902,1.2536423571783002,4.593407422599158e-05,0.0011977659402485218,0.002379524179194515,0.4985620075246408,0.3976907805243633,21.032038667405644,798,0.060137542404365966,0.3410746812386157,10.0,2.0,0.025238446400886773,0.0,False,0.1261096734011643,0.10087122700027751
BTC/USDT,validation,S4,0,2196,0.10053440206014086,0.10024638876028802,2.0273772735566156,1.8257452128266876,-0.03547836722126618,2.8255637621395118,4.414241451824138e-05,0.0010189281677458588,0.1826047358834244,1.236807354072257,4.414241451824138e-05,0.001222560993580344,0.002431171133763347,0.5062852722794825,0.40934852999742444,22.196062001678875,813,0.06109347858891697,0.3465391621129326,10.0,2.0,0.026635274402014648,0.0,False,0.12357201668407272,0.09693674228205806
BTC/USDT,validation,C2,0,2196,0.0787687627806486,0.07854530879013066,1.8612776163416944,1.2623189267214376,-0.04060696294958843,1.9342817853095993,3.4911896546842935e-05,0.0008777772987285843,0.09836065573770492,1.3081668111733236,3.4911896546842935e-05,0.000696663786849459,0.0019424139115966352,0.32544907386867655,0.24878254905180947,8.963066038036654,440,0.03426790343359148,0.19262295081967212,10.0,2.0,0.010755679245643983,0.0,False,0.08742220406251108,0.07666652481686709
BTC/USDT,validation,B0,0,2196,1.2141449675387048,1.2093415808621963,1.7879746015095659,2.415563670420751,-0.30006091405991453,4.030320258974888,0.00042343030073085155,0.011082625172085771,0.52367941712204,1.1200813683143738,0.00042343030073085155,0.01724984707464608,0.026028203751271656,8.673376798082774,7.743523857677824,1.0,1,1.0,1.0,10.0,2.0,0.0012,0.0,False,0.93105294040495,0.92985294040495
BTC/USDT,validation,S5,0,2196,0.09886814332254512,0.09858511407802961,1.747605097374791,1.7455086537331002,-0.03744562723206568,2.632753711589816,4.361525612564585e-05,0.0011679309889244692,0.23178506375227687,1.1729165207808072,4.361525612564585e-05,0.0016265191233375805,0.002886100459314269,0.6496828128633143,0.553903710411396,14.85055568714348,1015,0.07989328520089509,0.44990892531876137,10.0,2.0,0.017820666824572177,0.0,False,0.11359976927649046,0.09577910245191829
BTC/USDT,validation,S2,0,2196,0.08980387775232512,0.08954784039389074,1.5875661474347835,1.6788410028007248,-0.048515273553189076,1.8457659585432649,3.985114481762085e-05,0.0011747109846453135,0.24408014571949,1.1520421312467612,3.985114481762085e-05,0.0016214930171516112,0.0027983858984918695,0.6630977450811537,0.5755846310616584,28.83808405556373,1112,0.08274840017089281,0.4763205828779599,10.0,2.0,0.03460570086667648,0.0,False,0.12211881488617188,0.08751311401949538
BTC/USDT,validation,S3,0,2196,0.0853785243391505,0.08513559044777086,1.587303338031915,1.5872266971769953,-0.04562813155551049,1.8658574775124466,3.793362152855727e-05,0.0011183723845604946,0.21448087431693988,1.1633176858023437,3.793362152855727e-05,0.0014136282346283438,0.0026841773434452256,0.5933647681585847,0.510062535281873,30.618103385914324,989,0.07312322106960273,0.4166666666666667,10.0,2.0,0.03674172406309719,0.0,False,0.12004395693980896,0.08330223287671176
BTC/USDT,validation,S6,1,2196,0.020288519729513288,0.02023252958873889,0.5770598428959375,0.3169534093332587,-0.051485013865407936,0.3929790063110548,9.439185835553372e-06,0.0007654833356336863,0.07422586520947176,1.099310250571574,9.439185835553372e-06,0.00044986483201507296,0.0017743002870917192,0.22945264698486828,0.20872419488999305,7.087381223594484,342,0.02559275919743777,0.1489071038251366,10.0,2.0,0.00850485746831338,0.0,False,0.029233309563188585,0.020728452094875206
BTC/USDT,validation,C1,0,2196,-0.016497330008377276,-0.016452628187874407,-0.674163001951961,-0.2996443419019117,-0.026018510265297445,-0.6323432056684019,-7.441692147622378e-06,0.0005165695977319149,0.048724954462659384,0.8745066236205558,-7.441692147622378e-06,0.00021592321988850633,0.0011161550480088232,0.11387970535897249,0.13022166131515128,24.552210568043296,264,0.015607174364086637,0.08970856102003642,10.0,2.0,0.02946265268165195,0.0,False,0.013120696725473217,-0.016341955956178742
BTC/USDT,final_test,S6,0,2190,0.03529878155392141,0.03529878155392141,0.8311193561438466,0.6267269871480554,-0.03418334660953404,1.0326309462068957,1.6259017995749613e-05,0.0009154886667535823,0.12191780821917808,1.108105699912784,1.6259017995749613e-05,0.0011108235037420625,0.002233388282775547,0.36498164353994067,0.329374394129249,11.40229457773513,508,0.058403661577174526,0.23881278538812786,10.0,2.0,0.013682753493282154,0.0,False,0.04929000290397382,0.035607249410691655
BTC/USDT,final_test,S1,0,2190,0.002832253973095389,0.002832253973095389,0.07630377092600414,0.0779400600696236,-0.04030467155080519,0.07027110913247989,2.207308546740324e-06,0.001353751968130922,0.26438356164383564,1.0066080483497006,2.207308546740324e-06,0.001864855483835555,0.003425239163600226,0.736367048689158,0.7315330429717968,31.217934066050276,1183,0.1184566640800798,0.5319634703196348,10.0,2.0,0.037461520879260336,0.0,False,0.04229552659662164,0.00483400571736131
BTC/USDT,final_test,B0,0,2190,-0.06821767404102463,-0.06821767404102463,0.06071532451427233,0.0787596159502397,-0.3436795714563654,-0.198492083052675,1.2241896960269515e-05,0.009435663763381855,0.5036529680365297,1.0039379248790714,1.2241896960269515e-05,0.014808310305284103,0.023533876592020896,6.834901621578322,6.808091867235332,1.0,1,1.0,1.0,10.0,2.0,0.0012,0.0,False,0.028009754342990245,0.02680975434299024
BTC/USDT,final_test,C2,0,2190,-0.03214297042251646,-0.03214297042251646,-0.8226052161940146,-0.42859825398058105,-0.04022294824830297,-0.7991201993472119,-1.4574318348935707e-05,0.0008291227848213641,0.07397260273972603,0.8765735255322504,-1.4574318348935707e-05,0.0006920837470381372,0.0021075515634546133,0.22667957634421462,0.2585973335283838,13.263386779483382,333,0.03874397853495797,0.15114155251141553,10.0,2.0,0.015916064135380055,0.0,False,-0.01600169304878914,-0.0319177571841692
BTC/USDT,final_test,S5,1,2190,-0.03233510982807941,-0.03233510982807941,-1.3053558834462056,-0.4689007311379463,-0.05049284544884136,-0.6403899312990964,-1.4866678779776384e-05,0.0005329753019715172,0.04246575342465753,0.7414400895946197,-1.4866678779776384e-05,0.0,6.004798707887363e-05,0.09336260237668773,0.125920628904398,4.712044722488835,201,0.01564802122835907,0.08721461187214612,10.0,2.0,0.005654453666986601,0.0,False,-0.026903572860723684,-0.03255802652771028
BTC/USDT,final_test,S2,1,2190,-0.03129351976192196,-0.03129351976192196,-1.3852769239970286,-0.45642927142393885,-0.051994242202428875,-0.6018650996025114,-1.439914830132998e-05,0.0004864321399748749,0.03515981735159817,0.7117786045881699,-1.439914830132998e-05,0.0,5.17791844747844e-05,0.07787528201530677,0.10940941679521944,5.746651800003233,171,0.01320465255405342,0.07077625570776255,10.0,2.0,0.00689598216000388,0.0,False,-0.02463815261990877,-0.031534134779912654
BTC/USDT,final_test,S3,1,2190,-0.031162426324107484,-0.031162426324107484,-1.3986421961381212,-0.3916406391218012,-0.050660726568980685,-0.6151200038885365,-1.4340527734390167e-05,0.00047982245082493834,0.026027397260273973,0.6722204013776792,-1.4340527734390167e-05,-0.0,4.491966141253658e-05,0.06440788205462605,0.09581363779294053,5.179921052476285,129,0.010019527673735817,0.052054794520547946,10.0,2.0,0.006215905262971542,0.0,False,-0.02518985047534292,-0.031405755738314466
BTC/USDT,final_test,C1,0,2190,-0.03782502123368359,-0.03782502123368359,-1.6308177384932545,-0.6452406304981652,-0.04244516124248765,-0.8911503720669272,-1.7480818940685504e-05,0.0005016241136420822,0.036073059360730596,0.7068750350220301,-1.7480818940685504e-05,0.00023559491648473838,0.0011608299775774998,0.0923199849560017,0.13060297843610294,26.16390516296176,203,0.017604752348143585,0.07214611872146119,10.0,2.0,0.03139668619555411,0.0,False,-0.006886307284547139,-0.03828299348010125
BTC/USDT,final_test,S4,1,2190,-0.03874251222844516,-0.03874251222844516,-1.6996616508759113,-0.44419734808619243,-0.053469604263224335,-0.7245707680520787,-1.79203547354007e-05,0.0004934079969964725,0.0273972602739726,0.602369105958789,-1.79203547354007e-05,0.0,4.633732875502363e-05,0.059452933377672816,0.09869851024820034,5.8936251565420905,132,0.010705766450091995,0.05342465753424658,10.0,2.0,0.0070723501878505075,0.0,False,-0.03217322668267701,-0.03924557687052753
BTC/USDT,final_test,IRCP,1,2190,-0.040407886163670415,-0.040407886163670415,-1.7916725310057138,-0.4538318789439655,-0.05510946358292945,-0.7332295314917027,-1.8714376449556505e-05,0.0004888085382725613,0.024657534246575342,0.5734369182185909,-1.8714376449556505e-05,0.0,4.498160653749513e-05,0.055096227139560874,0.09608071156408961,5.885635092091395,122,0.009933612081614458,0.04885844748858448,10.0,2.0,0.007062762110509673,0.0,False,-0.03392172231401906,-0.04098448442452875
ETH/USDT,development,S1,1,8765,0.28609433773575854,0.06488478731529224,1.3752461181780038,1.169551933411317,-0.05148961142531083,1.2601529807505347,2.9199862512447138e-05,0.0009936248312406853,0.1683970336565887,1.1594599746484255,2.9199862512447138e-05,0.0013516815738502759,0.002482385149938549,1.8609589673249518,1.6050221724033524,29.082751561127093,2902,0.03233534576050555,0.31899600684540785,10.0,2.0,0.03489930187335251,0.0,False,0.29083609679495176,0.25593679492159915
ETH/USDT,development,S3,1,8765,0.22939729723235147,0.052956117839209504,1.3184147400144874,0.9979805019164102,-0.054466314589740716,0.9722728302455097,2.3922718254406823e-05,0.0008491424119774759,0.10895607529948659,1.1899394917915098,2.3922718254406823e-05,0.0009031041679150614,0.0019936985380448673,1.3136269580983704,1.1039443325984948,41.52568388910821,2067,0.022077563182286607,0.21585852823730747,10.0,2.0,0.04983082066692985,0.0,False,0.25951344616680566,0.2096826254998758
ETH/USDT,development,S2,1,8765,0.24799787513906568,0.056914217841602666,1.3073658960651027,1.0848478258439587,-0.054272347419955236,1.0486780201564683,2.5698578730803626e-05,0.0009198860033173871,0.14033086138049058,1.1638627492849332,2.5698578730803626e-05,0.001136542224058087,0.0022142674885455003,1.5998621239236643,1.3746140813481704,39.77298690739365,2589,0.028244023129418473,0.2764403879064461,10.0,2.0,0.047727584288872374,0.0,False,0.27297562686436616,0.22524804257549377
ETH/USDT,development,B0,0,8765,16.44161023352552,1.0427705037698525,1.2708571181897703,1.6144762832795956,-0.8111880898051137,1.2854854710950896,0.0004901043965507121,0.01804737032820471,0.515345122646891,1.0877861947504,0.0004901043965507121,0.027091066024273986,0.04365369355465285,53.230168081496636,48.934403045729645,1.0,1,1.0,1.0,10.0,2.0,0.0012,0.0,False,4.296965035766992,4.295765035766991
ETH/USDT,development,S4,1,8765,0.17526377371817947,0.041175248511511775,1.162318825517215,0.7602750427438533,-0.052235134947269946,0.7882672946681798,1.8708195940014787e-05,0.0007532318841654849,0.08465487735310896,1.1934895058664274,1.8708195940014787e-05,0.0005994031604918426,0.001713811665300334,1.0114513990174925,0.8474740616032629,31.13073840036379,1583,0.016838331098542166,0.1656588705077011,10.0,2.0,0.037356886080436545,0.0,False,0.20133422349466618,0.16397733741422962
ETH/USDT,development,IRCP,1,8765,0.16925212077855867,0.039842004975956025,1.1295427444593045,0.7343216762655885,-0.052235134947269946,0.7627434104683662,1.81212536616998e-05,0.0007507712386285774,0.08397033656588705,1.1882140531280088,1.81212536616998e-05,0.0005904151485483082,0.0017119504177229565,1.0027272037993809,0.8438944154545822,30.39712704429953,1570,0.016706964336477764,0.16451796919566458,10.0,2.0,0.036476552453159436,0.0,False,0.1953093407979582,0.15883278834479875
ETH/USDT,development,S5,1,8765,0.17911767965125436,0.042027265650964374,1.0286327107430238,0.7682609633298114,-0.05027812859803604,0.8358955836833998,1.9178666568514908e-05,0.0008725295322786765,0.12207644038790645,1.1384480034708004,1.9178666568514908e-05,0.000988883177829604,0.0021531448717148484,1.382282569872571,1.2141815573995378,18.314568709322245,2144,0.02415779429312267,0.23776383342840846,10.0,2.0,0.021977482451186692,0.0,False,0.19007849492421988,0.16810101247303316
ETH/USDT,development,S6,1,8765,0.09889526475019195,0.023842691725834086,0.8799985832573565,0.39953127646454956,-0.050619790532017594,0.47101521905258203,1.0927966012343421e-05,0.000581138194895024,0.04426697090701654,1.2109080587100611,1.0927966012343421e-05,0.0,5.421376467845508e-05,0.5499323288096083,0.4541487067114182,9.358996689869183,797,0.010906978696532085,0.08807758128921848,10.0,2.0,0.01123079602784302,0.0,False,0.10701441812603307,0.09578362209819008
ETH/USDT,development,C2,1,8765,0.010969043731563488,0.002729492521775345,0.1105597460148682,0.04971694553199785,-0.05068000698557473,0.053857382508890585,1.4271507491672386e-06,0.0006040805809276995,0.05362236166571591,1.0208474280271655,1.4271507491672386e-06,0.00014660781710335878,0.001353536940766742,0.6125338954647896,0.6000249191483388,14.809132829120228,980,0.01175476888563689,0.10610382201939532,10.0,2.0,0.01777095939494427,0.0,False,0.030279935711395124,0.012508976316450846
ETH/USDT,development,C1,1,8765,-0.04196532298603095,-0.01065454601009963,-0.44328443226065994,-0.16780115129315418,-0.05118931050337172,-0.20814005708082042,-4.764593364740882e-06,0.0005029970285489459,0.0387906446092413,0.908778339962818,-4.764593364740882e-06,9.665388111064096e-05,0.0010349917336781524,0.41604255829779585,0.45780421913974967,51.107619218840256,834,0.008363529275438616,0.07176269252709641,10.0,2.0,0.06132914306260831,0.0,False,0.019567482220654478,-0.04176166084195383
ETH/USDT,validation,S3,0,2196,0.06267593885440292,0.062499450013466795,1.2364688274401237,1.207936523918896,-0.04391734516775847,1.4231153949476485,2.8252975695448084e-05,0.001069308653556757,0.17304189435336975,1.1451673058940144,2.8252975695448084e-05,0.0013466369862340914,0.0023383047258572604,0.4894368395115798,0.4273933048843758,26.58802681420682,843,0.05057766264484093,0.3469945355191257,10.0,2.0,0.031905632177048185,0.0,False,0.09394916680425218,0.062043534627203994
ETH/USDT,validation,IRCP,0,2196,0.048635249198745845,0.0484991945763007,1.0566468967824691,0.9320768199869442,-0.03482167350677734,1.3927875857793366,2.21036085273449e-05,0.0009789383802266632,0.13570127504553733,1.141381093255368,2.21036085273449e-05,0.0011490217593096166,0.002107063621440581,0.3918635375190682,0.3433240131930188,19.565543313872013,671,0.04123949408753269,0.279143897996357,10.0,2.0,0.023478651976646416,0.0,False,0.07201817630269582,0.0485395243260494
ETH/USDT,validation,S5,0,2196,0.05574287265519828,0.05558641316457402,1.032897409274671,1.0337351503796701,-0.04623222170215957,1.202330563360694,2.536062914080054e-05,0.0011490128681678072,0.20127504553734063,1.1102379157096582,2.536062914080054e-05,0.0015330382735509681,0.002579983239231296,0.5608896427169929,0.5051977011237949,11.78812043173138,920,0.06018487681726064,0.40664845173041897,10.0,2.0,0.014145744518077659,0.0,False,0.06983768611127564,0.055691941593197986
ETH/USDT,validation,S1,0,2196,0.06169141253402133,0.06151777547589643,1.0199709079131491,1.1570730255805632,-0.04329983699124751,1.4207391932752873,2.8089603842844333e-05,0.0012887832614130199,0.27641165755919855,1.0908020775510214,2.8089603842844333e-05,0.0017662215715565442,0.002926041899348412,0.7410169142205612,0.6793321441816751,19.800335999703954,1252,0.07922608002496068,0.5469034608378871,10.0,2.0,0.023760403199644745,0.0,False,0.0854451732385309,0.06168477003888616
ETH/USDT,validation,S4,0,2196,0.04549020167707929,0.04536313415622151,0.98286299021936,0.8648444250659649,-0.03853862341477465,1.1770823692376755,2.0744421722538106e-05,0.0009877121775803018,0.13797814207650272,1.129373136134954,2.0744421722538106e-05,0.0011869769505683265,0.002144277929069548,0.3976738334274867,0.352119083324793,20.28931110407094,683,0.04176510449155322,0.28324225865209474,10.0,2.0,0.024347173324885125,0.0,False,0.06990192342757881,0.04555475010269368
ETH/USDT,validation,B0,0,2196,0.4738292433716442,0.4722681984831951,0.9295698830505693,1.2101950154330048,-0.4532178704979336,1.0420334881418767,0.0002682770650953311,0.013505900918933651,0.5077413479052824,1.0611418539940982,0.0002682770650953311,0.019668947835319667,0.031207094267315078,10.224703505032192,9.635567070082846,1.0,1,1.0,1.0,10.0,2.0,0.0012,0.0,False,0.5903364349493471,0.5891364349493471
ETH/USDT,validation,S6,1,2196,0.030924149943806212,0.030838368137261707,0.8293111602326804,0.4901629771008034,-0.05042395001180189,0.6115817608506253,1.4189447768875545e-05,0.0008007003923604689,0.10200364298724955,1.1219678543938647,1.4189447768875545e-05,0.0008083824880326,0.0019738882960685217,0.28663740250971836,0.25547737520926767,5.822598356532441,448,0.028901691747738694,0.19808743169398907,10.0,2.0,0.006987118027838929,0.0,False,0.03814714532828961,0.0311600273004507
ETH/USDT,validation,S2,1,2196,0.03262742877362923,0.032536848027985066,0.6902813386003326,0.6005834545499665,-0.05296444380330689,0.6143149194356987,1.5146472458210867e-05,0.0010268509855831814,0.14116575591985428,1.08744812759869,1.5146472458210867e-05,0.001253228440100397,0.0023425400151908617,0.41362032364176826,0.38035867012353713,18.35056979002902,689,0.04274119600799034,0.29098360655737704,10.0,2.0,0.022020683748034828,0.0,False,0.055282337266265885,0.033261653518231064
ETH/USDT,validation,C2,1,2196,-0.02313897081145011,-0.023076484726186952,-0.7610217990078652,-0.4678613419875387,-0.050686632398136644,-0.45527752849951214,-1.045428083300208e-05,0.00064286402444667,0.057832422586520944,0.8806797719225785,-1.045428083300208e-05,0.0004254713206656578,0.0016012450878745636,0.1694456579768945,0.1924032586861671,7.39925305010814,313,0.021747348467545304,0.1343351548269581,10.0,2.0,0.00887910366012977,0.0,False,-0.014078497049142803,-0.022957600709272566
ETH/USDT,validation,C1,0,2196,-0.03472417451818954,-0.03463096185284109,-1.4924861758043075,-0.6191282106034065,-0.03811281462394844,-0.9086435151677434,-1.596806347986947e-05,0.0005006843199609467,0.03961748633879782,0.7348977074207773,-1.596806347986947e-05,0.00015534568226807652,0.0011710864377286916,0.09720710187595943,0.13227296927775278,16.346006992598493,229,0.011649789902436458,0.07969034608378871,10.0,2.0,0.019615208391118192,0.0,False,-0.015450659010675164,-0.035065867401793356
ETH/USDT,final_test,S6,0,2190,0.050627121330494296,0.050627121330494296,1.2072448548766304,0.8547740209251639,-0.032397178882195954,1.5627015399886164,2.29468141082414e-05,0.0008895064297280698,0.11598173515981736,1.169057954208782,2.29468141082414e-05,0.0009625022811176113,0.002131608074938753,0.34750971017461924,0.2972561872775706,5.896979329418942,513,0.029518041790968452,0.2273972602739726,10.0,2.0,0.00707637519530273,0.0,False,0.057329898092351395,0.050253522897048666
ETH/USDT,final_test,B0,0,2190,-0.11552635002083,-0.11552635002083,0.19639441810037847,0.2526627749934376,-0.618034971530106,-0.18692526368663984,6.530757235075673e-05,0.015561679174364684,0.506392694063927,1.0127598049824245,6.530757235075673e-05,0.02487806078396224,0.03901625393024822,11.351939679357194,11.208916095909037,1.0,1,1.0,1.0,10.0,2.0,0.0012,0.0,False,0.14422358344815722,0.14302358344815724
ETH/USDT,final_test,C1,0,2190,-0.008674685132028515,-0.008674685132028515,-0.4290679289342583,-0.15646927847626585,-0.015975334208020997,-0.5430049236574389,-3.888344493455449e-06,0.0004240926427627988,0.04018264840182648,0.9073907557201274,-3.888344493455449e-06,0.00010905410312834473,0.0008300867565211713,0.08343511328827447,0.09195058772894191,12.385332069784337,206,0.009258470033146022,0.07397260273972603,10.0,2.0,0.014862398483741206,0.0,False,0.006346924043073774,-0.008515474440667433
ETH/USDT,final_test,C2,1,2190,-0.03937339875463508,-0.03937339875463508,-1.6921853907495041,-0.5766600670592941,-0.05102411282721253,-0.7716625840799761,-1.8215089103603715e-05,0.0005037388149503495,0.024200913242009132,0.6513433986212848,-1.8215089103603715e-05,0.0,5.353933841026582e-05,0.0745225210458459,0.11441356618273806,4.267735752645955,154,0.00966984932467896,0.06438356164383562,10.0,2.0,0.005121282903175147,0.0,False,-0.034769762233716986,-0.039891045136892136
ETH/USDT,final_test,S1,1,2190,-0.03775668067010329,-0.03775668067010329,-1.7612003477637783,-0.5970806149376103,-0.05066252635440138,-0.7452585448657383,-1.74664472432642e-05,0.00046410673551904985,0.030136986301369864,0.6549876132502704,-1.74664472432642e-05,0.0,5.2198676470351954e-05,0.07261846936027896,0.11086998882302754,3.5766119059665518,167,0.008882084230194756,0.07031963470319634,10.0,2.0,0.004291934287159862,0.0,False,-0.03395958517558874,-0.0382515194627486
ETH/USDT,final_test,S3,1,2190,-0.038603979968511726,-0.038603979968511726,-1.9107440259882071,-0.615214310783624,-0.05026402574007349,-0.7680240370745776,-1.7880537536403926e-05,0.000437925382225267,0.02054794520547945,0.5911344120234469,-1.7880537536403926e-05,0.0,4.464952357287453e-05,0.05661485085909126,0.09577322806381584,6.250045922059661,140,0.007632565739196267,0.05342465753424658,10.0,2.0,0.007500055106471593,0.0,False,-0.031658322098253006,-0.0391583772047246
ETH/USDT,final_test,S5,1,2190,-0.03944189159729228,-0.03944189159729228,-2.015462468798421,-0.5983314735000936,-0.05109177497194317,-0.77198123609821,-1.8284390798512542e-05,0.0004245490145707302,0.02511415525114155,0.58649030604874,-1.8284390798512542e-05,0.0,4.535665676939326e-05,0.056793646353912146,0.09683646220265461,2.4109688982159274,135,0.007773036006608532,0.05799086757990868,10.0,2.0,0.002893162677859113,0.0,False,-0.037149653170883354,-0.04004281584874247
ETH/USDT,final_test,S2,1,2190,-0.03841893924218076,-0.03841893924218076,-2.02906363608581,-0.631909843970814,-0.050081229232871505,-0.7671325131325643,-1.7804204678699215e-05,0.0004106283859647036,0.023744292237442923,0.580084225710554,-1.7804204678699215e-05,0.0,4.343069737011526e-05,0.053863622730955144,0.0928548309773064,3.7729025411921566,145,0.007354415803499474,0.0589041095890411,10.0,2.0,0.004527483049430589,0.0,False,-0.03446372519692069,-0.03899120824635128
ETH/USDT,final_test,S4,1,2190,-0.03828085392208613,-0.03828085392208613,-2.169447600542762,-0.5638855536481292,-0.05021741371571853,-0.76230237858912,-1.7749623507498855e-05,0.00038287943292161325,0.015525114155251141,0.49923263082811786,-1.7749623507498855e-05,-0.0,3.600381173419473e-05,0.03875254261750135,0.07762421809892384,4.9575818442266755,108,0.005982243314133212,0.0410958904109589,10.0,2.0,0.00594909821307201,0.0,False,-0.032922577268350475,-0.038871675481422494
ETH/USDT,final_test,IRCP,1,2190,-0.03828085392208613,-0.03828085392208613,-2.169447600542762,-0.5638855536481292,-0.05021741371571853,-0.76230237858912,-1.7749623507498855e-05,0.00038287943292161325,0.015525114155251141,0.49923263082811786,-1.7749623507498855e-05,-0.0,3.600381173419473e-05,0.03875254261750135,0.07762421809892384,4.9575818442266755,108,0.005982243314133212,0.0410958904109589,10.0,2.0,0.00594909821307201,0.0,False,-0.032922577268350475,-0.038871675481422494
